Filename,Captured At,Received At,Size (bytes)
0009_03_17-18-45.jpg,03_17-18-45,2026-04-03 17:18:54,1094661
0010_03_17-18-57.jpg,03_17-18-57,2026-04-03 17:19:00,1124519
0011_03_17-19-09.jpg,03_17-19-09,2026-04-03 17:19:12,966270
0012_03_17-19-21.jpg,03_17-19-21,2026-04-03 17:19:24,1037237
0013_03_17-19-33.jpg,03_17-19-33,2026-04-03 17:19:36,1139434
0014_03_17-19-45.jpg,03_17-19-45,2026-04-03 17:19:48,1147119
0015_03_17-19-57.jpg,03_17-19-57,2026-04-03 17:20:00,1130230
0016_03_17-20-09.jpg,03_17-20-09,2026-04-03 17:20:12,1139036
0017_03_17-20-21.jpg,03_17-20-21,2026-04-03 17:20:24,1041815
0018_03_17-20-33.jpg,03_17-20-33,2026-04-03 17:20:36,1087834
0019_03_17-20-45.jpg,03_17-20-45,2026-04-03 17:20:48,1073763
0020_03_17-20-57.jpg,03_17-20-57,2026-04-03 17:21:00,1099466
0021_03_17-21-09.jpg,03_17-21-09,2026-04-03 17:21:12,1102146
0022_03_17-21-21.jpg,03_17-21-21,2026-04-03 17:21:24,1154331
0023_03_17-21-33.jpg,03_17-21-33,2026-04-03 17:21:36,1206816
0024_03_17-21-45.jpg,03_17-21-45,2026-04-03 17:21:48,1182858
0025_03_17-21-57.jpg,03_17-21-57,2026-04-03 17:22:00,1032920
0026_03_17-22-09.jpg,03_17-22-09,2026-04-03 17:22:12,904121
0027_03_17-22-21.jpg,03_17-22-21,2026-04-03 17:22:24,1099306
0028_03_17-22-33.jpg,03_17-22-33,2026-04-03 17:22:36,1212579
0001_03_17-22-48.jpg,03_17-22-48,2026-04-03 17:22:53,1200454
0002_03_17-23-00.jpg,03_17-23-00,2026-04-03 17:23:03,1228380
0003_03_17-23-12.jpg,03_17-23-12,2026-04-03 17:23:14,1253358
0004_03_17-23-24.jpg,03_17-23-24,2026-04-03 17:23:26,1147432
0005_03_17-23-36.jpg,03_17-23-36,2026-04-03 17:23:39,1208243
0006_03_17-23-48.jpg,03_17-23-48,2026-04-03 17:23:51,1117141
0007_03_17-24-00.jpg,03_17-24-00,2026-04-03 17:24:02,1142372
0008_03_17-24-12.jpg,03_17-24-12,2026-04-03 17:24:14,1255510
0009_03_17-24-24.jpg,03_17-24-24,2026-04-03 17:24:27,1284577
0010_03_17-24-36.jpg,03_17-24-36,2026-04-03 17:24:38,1278330
0011_03_17-24-48.jpg,03_17-24-48,2026-04-03 17:24:50,1285965
0012_03_17-25-00.jpg,03_17-25-00,2026-04-03 17:25:03,1238954
0013_03_17-25-12.jpg,03_17-25-12,2026-04-03 17:25:15,1255196
0014_03_17-25-24.jpg,03_17-25-24,2026-04-03 17:25:26,1285981
0015_03_17-25-36.jpg,03_17-25-36,2026-04-03 17:25:38,1287582
0016_03_17-25-48.jpg,03_17-25-48,2026-04-03 17:25:50,1265162
0017_03_17-26-00.jpg,03_17-26-00,2026-04-03 17:26:03,1300149
0018_03_17-26-12.jpg,03_17-26-12,2026-04-03 17:26:14,1276077
0019_03_17-26-23.jpg,03_17-26-23,2026-04-03 17:26:26,1279271
0020_03_17-26-35.jpg,03_17-26-35,2026-04-03 17:26:39,1271581
0021_03_17-26-47.jpg,03_17-26-47,2026-04-03 17:26:50,1258172
0022_03_17-26-59.jpg,03_17-26-59,2026-04-03 17:27:02,1284064
0023_03_17-27-11.jpg,03_17-27-11,2026-04-03 17:27:14,1284663
0024_03_17-27-23.jpg,03_17-27-23,2026-04-03 17:27:25,1267824
0025_03_17-27-35.jpg,03_17-27-35,2026-04-03 17:27:38,1260359
0026_03_17-27-47.jpg,03_17-27-47,2026-04-03 17:27:50,1257256
0027_03_17-27-59.jpg,03_17-27-59,2026-04-03 17:28:02,1268124
0028_03_17-28-11.jpg,03_17-28-11,2026-04-03 17:28:13,1176443
0029_03_17-28-23.jpg,03_17-28-23,2026-04-03 17:28:26,1279147
0030_03_17-28-35.jpg,03_17-28-35,2026-04-03 17:28:38,1277167
0031_03_17-28-47.jpg,03_17-28-47,2026-04-03 17:28:49,1220887
